TransactionID,TransactionDate,AccountID,BookID,Amount,Currency,TransactionType,FiscalYear,FiscalQuarter,FiscalMonth,CostCenterID,Description
TXN-0001,2024-01-05,1001,BK-001,12500.00,USD,Credit,FY2024,Q1,1,CC-100,Book Sales - The Literary Mind Jan W1
TXN-0002,2024-01-05,1010,BK-001,-3750.00,USD,Debit,FY2024,Q1,1,CC-200,Printing Costs - The Literary Mind
TXN-0003,2024-01-08,1002,BK-001,4800.00,USD,Credit,FY2024,Q1,1,CC-100,E-Book Sales - The Literary Mind Jan W1
TXN-0004,2024-01-10,1021,BK-001,-1730.00,USD,Debit,FY2024,Q1,1,CC-300,Author Royalties 10% - The Literary Mind
TXN-0005,2024-01-12,1001,BK-002,18900.00,USD,Credit,FY2024,Q1,1,CC-100,Book Sales - Quantum Horizons Jan W2
TXN-0006,2024-01-12,1010,BK-002,-5670.00,USD,Debit,FY2024,Q1,1,CC-200,Printing Costs - Quantum Horizons
TXN-0007,2024-01-15,1002,BK-002,7200.00,USD,Credit,FY2024,Q1,1,CC-100,E-Book Sales - Quantum Horizons Jan W2
TXN-0008,2024-01-15,1003,BK-002,3200.00,USD,Credit,FY2024,Q1,1,CC-100,Audiobook Sales - Quantum Horizons Jan W2
TXN-0009,2024-01-18,1021,BK-002,-2930.00,USD,Debit,FY2024,Q1,1,CC-300,Author Royalties 10% - Quantum Horizons
TXN-0010,2024-01-20,1001,BK-003,6500.00,USD,Credit,FY2024,Q1,1,CC-100,Book Sales - Garden of Whispers Jan W3
TXN-0011,2024-01-20,1010,BK-003,-1950.00,USD,Debit,FY2024,Q1,1,CC-200,Printing Costs - Garden of Whispers
TXN-0012,2024-01-22,1002,BK-003,3200.00,USD,Credit,FY2024,Q1,1,CC-100,E-Book Sales - Garden of Whispers Jan
TXN-0013,2024-01-25,1021,BK-003,-970.00,USD,Debit,FY2024,Q1,1,CC-300,Author Royalties - Garden of Whispers
TXN-0014,2024-01-28,1001,BK-004,16500.00,USD,Credit,FY2024,Q1,1,CC-100,Book Sales - Code Breakers Jan W4
TXN-0015,2024-01-28,1010,BK-004,-4950.00,USD,Debit,FY2024,Q1,1,CC-200,Printing Costs - Code Breakers
TXN-0016,2024-01-30,1002,BK-004,5500.00,USD,Credit,FY2024,Q1,1,CC-100,E-Book Sales - Code Breakers Jan
TXN-0017,2024-01-30,1021,BK-004,-2640.00,USD,Debit,FY2024,Q1,1,CC-300,Author Royalties 12% - Code Breakers
TXN-0018,2024-01-31,1011,-,-28500.00,USD,Debit,FY2024,Q1,1,CC-300,Editorial Salaries January
TXN-0019,2024-01-31,1012,-,-42000.00,USD,Debit,FY2024,Q1,1,CC-400,Marketing Spend January
TXN-0020,2024-01-31,1013,-,-18000.00,USD,Debit,FY2024,Q1,1,CC-500,Warehouse OpEx January
TXN-0021,2024-01-31,1014,-,-15500.00,USD,Debit,FY2024,Q1,1,CC-600,HR & Admin January
TXN-0022,2024-01-31,1015,-,-12000.00,USD,Debit,FY2024,Q1,1,CC-700,IT Infrastructure January
TXN-0023,2024-01-05,1001,BK-026,6000.00,USD,Credit,FY2024,Q1,1,CC-100,Book Sales - Monsoon Memories Jan
TXN-0024,2024-01-10,1010,BK-026,-1800.00,USD,Debit,FY2024,Q1,1,CC-200,Printing Costs - Monsoon Memories
TXN-0025,2024-02-05,1001,BK-005,7500.00,USD,Credit,FY2024,Q1,2,CC-100,Book Sales - The Midnight Garden Feb W1
TXN-0026,2024-02-05,1010,BK-005,-2250.00,USD,Debit,FY2024,Q1,2,CC-200,Printing Costs - The Midnight Garden
TXN-0027,2024-02-08,1002,BK-005,2800.00,USD,Credit,FY2024,Q1,2,CC-100,E-Book Sales - The Midnight Garden Feb
TXN-0028,2024-02-10,1021,BK-005,-1030.00,USD,Debit,FY2024,Q1,2,CC-300,Author Royalties - The Midnight Garden
TXN-0029,2024-02-12,1001,BK-006,35000.00,USD,Credit,FY2024,Q1,2,CC-100,Book Sales - Empire of Stars Feb W2
TXN-0030,2024-02-12,1010,BK-006,-10500.00,USD,Debit,FY2024,Q1,2,CC-200,Printing Costs - Empire of Stars
TXN-0031,2024-02-15,1002,BK-006,9000.00,USD,Credit,FY2024,Q1,2,CC-100,E-Book Sales - Empire of Stars Feb
TXN-0032,2024-02-15,1003,BK-006,4500.00,USD,Credit,FY2024,Q1,2,CC-100,Audiobook Sales - Empire of Stars Feb
TXN-0033,2024-02-18,1021,BK-006,-7275.00,USD,Debit,FY2024,Q1,2,CC-300,Author Royalties 15% - Empire of Stars
TXN-0034,2024-02-20,1001,BK-027,8200.00,USD,Credit,FY2024,Q1,2,CC-100,Book Sales - The Berlin Wall Feb
TXN-0035,2024-02-20,1010,BK-027,-2460.00,USD,Debit,FY2024,Q1,2,CC-200,Printing Costs - The Berlin Wall
TXN-0036,2024-02-22,1004,BK-027,2800.00,USD,Credit,FY2024,Q1,2,CC-100,International Sales - The Berlin Wall EUR
TXN-0037,2024-02-25,1001,BK-028,4200.00,USD,Credit,FY2024,Q1,2,CC-100,Book Sales - Flames of Seville Feb
TXN-0038,2024-02-25,1010,BK-028,-1260.00,USD,Debit,FY2024,Q1,2,CC-200,Printing Costs - Flames of Seville
TXN-0039,2024-02-28,1011,-,-28500.00,USD,Debit,FY2024,Q1,2,CC-300,Editorial Salaries February
TXN-0040,2024-02-28,1012,-,-48000.00,USD,Debit,FY2024,Q1,2,CC-400,Marketing Spend February
TXN-0041,2024-02-28,1013,-,-18000.00,USD,Debit,FY2024,Q1,2,CC-500,Warehouse OpEx February
TXN-0042,2024-02-28,1014,-,-15500.00,USD,Debit,FY2024,Q1,2,CC-600,HR & Admin February
TXN-0043,2024-02-28,1015,-,-12000.00,USD,Debit,FY2024,Q1,2,CC-700,IT Infrastructure February
TXN-0044,2024-03-05,1001,BK-007,8800.00,USD,Credit,FY2024,Q1,3,CC-100,Book Sales - Art of Slow Living Mar W1
TXN-0045,2024-03-05,1010,BK-007,-2640.00,USD,Debit,FY2024,Q1,3,CC-200,Printing Costs - Art of Slow Living
TXN-0046,2024-03-08,1002,BK-007,3500.00,USD,Credit,FY2024,Q1,3,CC-100,E-Book Sales - Art of Slow Living Mar
TXN-0047,2024-03-10,1001,BK-008,12800.00,USD,Credit,FY2024,Q1,3,CC-100,Book Sales - Digital Nomad Mar W2
TXN-0048,2024-03-10,1010,BK-008,-3840.00,USD,Debit,FY2024,Q1,3,CC-200,Printing Costs - Digital Nomad
TXN-0049,2024-03-12,1002,BK-008,4500.00,USD,Credit,FY2024,Q1,3,CC-100,E-Book Sales - Digital Nomad Mar
TXN-0050,2024-03-15,1021,BK-008,-1730.00,USD,Debit,FY2024,Q1,3,CC-300,Author Royalties 10% - Digital Nomad
TXN-0051,2024-03-18,1001,BK-029,6500.00,USD,Credit,FY2024,Q1,3,CC-100,Book Sales - The Ogun Chronicles Mar
TXN-0052,2024-03-18,1010,BK-029,-1950.00,USD,Debit,FY2024,Q1,3,CC-200,Printing Costs - The Ogun Chronicles
TXN-0053,2024-03-20,1004,BK-029,3200.00,USD,Credit,FY2024,Q1,3,CC-100,International Sales - Ogun Chronicles GBP
TXN-0054,2024-03-22,1001,BK-036,8500.00,USD,Credit,FY2024,Q1,3,CC-100,Book Sales - Literary Mind Vol 2 Mar
TXN-0055,2024-03-22,1010,BK-036,-2550.00,USD,Debit,FY2024,Q1,3,CC-200,Printing Costs - Literary Mind Vol 2
TXN-0056,2024-03-25,1004,BK-036,1800.00,USD,Credit,FY2024,Q1,3,CC-100,International Sales - Literary Mind Vol 2
TXN-0057,2024-03-31,1011,-,-29500.00,USD,Debit,FY2024,Q1,3,CC-300,Editorial Salaries March
TXN-0058,2024-03-31,1012,-,-52000.00,USD,Debit,FY2024,Q1,3,CC-400,Marketing Spend March (spring campaign)
TXN-0059,2024-03-31,1013,-,-19000.00,USD,Debit,FY2024,Q1,3,CC-500,Warehouse OpEx March
TXN-0060,2024-03-31,1014,-,-15500.00,USD,Debit,FY2024,Q1,3,CC-600,HR & Admin March
TXN-0061,2024-03-31,1015,-,-13000.00,USD,Debit,FY2024,Q1,3,CC-700,IT Infrastructure March
TXN-0062,2024-04-05,1001,BK-009,10200.00,USD,Credit,FY2024,Q2,4,CC-100,Book Sales - Ocean Deep Apr W1
TXN-0063,2024-04-05,1010,BK-009,-3060.00,USD,Debit,FY2024,Q2,4,CC-200,Printing Costs - Ocean Deep
TXN-0064,2024-04-08,1002,BK-009,3500.00,USD,Credit,FY2024,Q2,4,CC-100,E-Book Sales - Ocean Deep Apr
TXN-0065,2024-04-10,1021,BK-009,-1370.00,USD,Debit,FY2024,Q2,4,CC-300,Author Royalties 10% - Ocean Deep
TXN-0066,2024-04-15,1001,BK-010,42000.00,USD,Credit,FY2024,Q2,4,CC-100,Book Sales - The Last Algorithm Apr W2
TXN-0067,2024-04-15,1010,BK-010,-12600.00,USD,Debit,FY2024,Q2,4,CC-200,Printing Costs - The Last Algorithm
TXN-0068,2024-04-18,1002,BK-010,12000.00,USD,Credit,FY2024,Q2,4,CC-100,E-Book Sales - The Last Algorithm Apr
TXN-0069,2024-04-18,1003,BK-010,5800.00,USD,Credit,FY2024,Q2,4,CC-100,Audiobook Sales - The Last Algorithm Apr
TXN-0070,2024-04-20,1021,BK-010,-7176.00,USD,Debit,FY2024,Q2,4,CC-300,Author Royalties 12% - The Last Algorithm
TXN-0071,2024-04-22,1001,BK-030,11500.00,USD,Credit,FY2024,Q2,4,CC-100,Book Sales - Silk Road Algorithm Apr
TXN-0072,2024-04-22,1010,BK-030,-3450.00,USD,Debit,FY2024,Q2,4,CC-200,Printing Costs - Silk Road Algorithm
TXN-0073,2024-04-25,1004,BK-030,1700.00,USD,Credit,FY2024,Q2,4,CC-100,International Sales - Silk Road Algorithm JPY
TXN-0074,2024-04-30,1011,-,-29500.00,USD,Debit,FY2024,Q2,4,CC-300,Editorial Salaries April
TXN-0075,2024-04-30,1012,-,-45000.00,USD,Debit,FY2024,Q2,4,CC-400,Marketing Spend April
TXN-0076,2024-04-30,1013,-,-19500.00,USD,Debit,FY2024,Q2,4,CC-500,Warehouse OpEx April
TXN-0077,2024-04-30,1014,-,-16000.00,USD,Debit,FY2024,Q2,4,CC-600,HR & Admin April
TXN-0078,2024-04-30,1015,-,-13000.00,USD,Debit,FY2024,Q2,4,CC-700,IT Infrastructure April
TXN-0079,2024-05-05,1001,BK-011,5500.00,USD,Credit,FY2024,Q2,5,CC-100,Book Sales - Whispers in the Wind May W1
TXN-0080,2024-05-05,1010,BK-011,-1650.00,USD,Debit,FY2024,Q2,5,CC-200,Printing Costs - Whispers in the Wind
TXN-0081,2024-05-08,1002,BK-011,3200.00,USD,Credit,FY2024,Q2,5,CC-100,E-Book Sales - Whispers in the Wind May
TXN-0082,2024-05-10,1001,BK-012,18500.00,USD,Credit,FY2024,Q2,5,CC-100,Book Sales - Children of Tomorrow May W2
TXN-0083,2024-05-10,1010,BK-012,-5550.00,USD,Debit,FY2024,Q2,5,CC-200,Printing Costs - Children of Tomorrow
TXN-0084,2024-05-12,1002,BK-012,8500.00,USD,Credit,FY2024,Q2,5,CC-100,E-Book Sales - Children of Tomorrow May
TXN-0085,2024-05-12,1003,BK-012,3800.00,USD,Credit,FY2024,Q2,5,CC-100,Audiobook Sales - Children of Tomorrow May
TXN-0086,2024-05-15,1021,BK-012,-3080.00,USD,Debit,FY2024,Q2,5,CC-300,Author Royalties 10% - Children of Tomorrow
TXN-0087,2024-05-18,1001,BK-031,7200.00,USD,Credit,FY2024,Q2,5,CC-100,Book Sales - Provence Kitchen May
TXN-0088,2024-05-18,1010,BK-031,-2160.00,USD,Debit,FY2024,Q2,5,CC-200,Printing Costs - Provence Kitchen
TXN-0089,2024-05-20,1004,BK-031,1700.00,USD,Credit,FY2024,Q2,5,CC-100,International Sales - Provence Kitchen EUR
TXN-0090,2024-05-31,1011,-,-29500.00,USD,Debit,FY2024,Q2,5,CC-300,Editorial Salaries May
TXN-0091,2024-05-31,1012,-,-44000.00,USD,Debit,FY2024,Q2,5,CC-400,Marketing Spend May
TXN-0092,2024-05-31,1013,-,-19500.00,USD,Debit,FY2024,Q2,5,CC-500,Warehouse OpEx May
TXN-0093,2024-05-31,1014,-,-16000.00,USD,Debit,FY2024,Q2,5,CC-600,HR & Admin May
TXN-0094,2024-05-31,1015,-,-13500.00,USD,Debit,FY2024,Q2,5,CC-700,IT Infrastructure May
TXN-0095,2024-06-05,1001,BK-013,52000.00,USD,Credit,FY2024,Q2,6,CC-100,Book Sales - The Phoenix Protocol Jun W1
TXN-0096,2024-06-05,1010,BK-013,-15600.00,USD,Debit,FY2024,Q2,6,CC-200,Printing Costs - The Phoenix Protocol
TXN-0097,2024-06-08,1002,BK-013,15000.00,USD,Credit,FY2024,Q2,6,CC-100,E-Book Sales - The Phoenix Protocol Jun
TXN-0098,2024-06-08,1003,BK-013,8500.00,USD,Credit,FY2024,Q2,6,CC-100,Audiobook Sales - The Phoenix Protocol Jun
TXN-0099,2024-06-10,1021,BK-013,-10570.00,USD,Debit,FY2024,Q2,6,CC-300,Author Royalties 14% - Phoenix Protocol
TXN-0100,2024-06-12,1004,BK-013,4200.00,USD,Credit,FY2024,Q2,6,CC-100,International Sales - Phoenix Protocol GBP
TXN-0101,2024-06-15,1001,BK-032,13500.00,USD,Credit,FY2024,Q2,6,CC-100,Book Sales - Oslo Conspiracy Jun
TXN-0102,2024-06-15,1010,BK-032,-4050.00,USD,Debit,FY2024,Q2,6,CC-200,Printing Costs - Oslo Conspiracy
TXN-0103,2024-06-18,1002,BK-032,5500.00,USD,Credit,FY2024,Q2,6,CC-100,E-Book Sales - Oslo Conspiracy Jun
TXN-0104,2024-06-20,1004,BK-032,1300.00,USD,Credit,FY2024,Q2,6,CC-100,International Sales - Oslo Conspiracy NOK
TXN-0105,2024-06-30,1011,-,-30000.00,USD,Debit,FY2024,Q2,6,CC-300,Editorial Salaries June
TXN-0106,2024-06-30,1012,-,-55000.00,USD,Debit,FY2024,Q2,6,CC-400,Marketing Spend June (summer push)
TXN-0107,2024-06-30,1013,-,-20000.00,USD,Debit,FY2024,Q2,6,CC-500,Warehouse OpEx June
TXN-0108,2024-06-30,1014,-,-16500.00,USD,Debit,FY2024,Q2,6,CC-600,HR & Admin June
TXN-0109,2024-06-30,1015,-,-14000.00,USD,Debit,FY2024,Q2,6,CC-700,IT Infrastructure June
TXN-0110,2024-07-05,1001,BK-014,9800.00,USD,Credit,FY2024,Q3,7,CC-100,Book Sales - Mindful Cooking Jul W1
TXN-0111,2024-07-05,1010,BK-014,-2940.00,USD,Debit,FY2024,Q3,7,CC-200,Printing Costs - Mindful Cooking
TXN-0112,2024-07-08,1002,BK-014,2800.00,USD,Credit,FY2024,Q3,7,CC-100,E-Book Sales - Mindful Cooking Jul
TXN-0113,2024-07-10,1001,BK-015,16200.00,USD,Credit,FY2024,Q3,7,CC-100,Book Sales - The Forgotten City Jul W2
TXN-0114,2024-07-10,1010,BK-015,-4860.00,USD,Debit,FY2024,Q3,7,CC-200,Printing Costs - The Forgotten City
TXN-0115,2024-07-12,1002,BK-015,6500.00,USD,Credit,FY2024,Q3,7,CC-100,E-Book Sales - The Forgotten City Jul
TXN-0116,2024-07-12,1003,BK-015,3200.00,USD,Credit,FY2024,Q3,7,CC-100,Audiobook Sales - The Forgotten City Jul
TXN-0117,2024-07-15,1021,BK-015,-2590.00,USD,Debit,FY2024,Q3,7,CC-300,Author Royalties 10% - Forgotten City
TXN-0118,2024-07-18,1001,BK-033,9500.00,USD,Credit,FY2024,Q3,7,CC-100,Book Sales - Desert Sands & Silicon Jul
TXN-0119,2024-07-18,1010,BK-033,-2850.00,USD,Debit,FY2024,Q3,7,CC-200,Printing Costs - Desert Sands & Silicon
TXN-0120,2024-07-20,1004,BK-015,2800.00,USD,Credit,FY2024,Q3,7,CC-100,International Sales - Forgotten City GBP
TXN-0121,2024-07-22,1004,BK-010,1700.00,USD,Credit,FY2024,Q3,7,CC-100,International Sales - Last Algorithm SGD
TXN-0122,2024-07-25,1004,BK-013,1500.00,USD,Credit,FY2024,Q3,7,CC-100,International Sales - Phoenix Protocol KRW
TXN-0123,2024-07-31,1011,-,-30000.00,USD,Debit,FY2024,Q3,7,CC-300,Editorial Salaries July
TXN-0124,2024-07-31,1012,-,-46000.00,USD,Debit,FY2024,Q3,7,CC-400,Marketing Spend July
TXN-0125,2024-07-31,1013,-,-20500.00,USD,Debit,FY2024,Q3,7,CC-500,Warehouse OpEx July
TXN-0126,2024-07-31,1014,-,-16500.00,USD,Debit,FY2024,Q3,7,CC-600,HR & Admin July
TXN-0127,2024-07-31,1015,-,-14000.00,USD,Debit,FY2024,Q3,7,CC-700,IT Infrastructure July
TXN-0128,2024-08-05,1001,BK-016,7200.00,USD,Credit,FY2024,Q3,8,CC-100,Book Sales - Sustainable Future Aug W1
TXN-0129,2024-08-05,1010,BK-016,-2160.00,USD,Debit,FY2024,Q3,8,CC-200,Printing Costs - Sustainable Future
TXN-0130,2024-08-08,1002,BK-016,2600.00,USD,Credit,FY2024,Q3,8,CC-100,E-Book Sales - Sustainable Future Aug
TXN-0131,2024-08-10,1001,BK-034,8500.00,USD,Credit,FY2024,Q3,8,CC-100,Book Sales - River of Stars Aug
TXN-0132,2024-08-10,1010,BK-034,-2550.00,USD,Debit,FY2024,Q3,8,CC-200,Printing Costs - River of Stars
TXN-0133,2024-08-12,1004,BK-034,1100.00,USD,Credit,FY2024,Q3,8,CC-100,International Sales - River of Stars BRL
TXN-0134,2024-08-15,1001,BK-038,4500.00,USD,Credit,FY2024,Q3,8,CC-100,Book Sales - Roses of Tuscany Aug
TXN-0135,2024-08-15,1010,BK-038,-1350.00,USD,Debit,FY2024,Q3,8,CC-200,Printing Costs - Roses of Tuscany
TXN-0136,2024-08-18,1004,BK-038,750.00,USD,Credit,FY2024,Q3,8,CC-100,International Sales - Roses of Tuscany CNY
TXN-0137,2024-08-31,1011,-,-30500.00,USD,Debit,FY2024,Q3,8,CC-300,Editorial Salaries August
TXN-0138,2024-08-31,1012,-,-48000.00,USD,Debit,FY2024,Q3,8,CC-400,Marketing Spend August
TXN-0139,2024-08-31,1013,-,-20500.00,USD,Debit,FY2024,Q3,8,CC-500,Warehouse OpEx August
TXN-0140,2024-08-31,1014,-,-17000.00,USD,Debit,FY2024,Q3,8,CC-600,HR & Admin August
TXN-0141,2024-08-31,1015,-,-14500.00,USD,Debit,FY2024,Q3,8,CC-700,IT Infrastructure August
TXN-0142,2024-09-03,1001,BK-017,95000.00,USD,Credit,FY2024,Q3,9,CC-100,Book Sales - Winter's Promise Sep W1 (launch)
TXN-0143,2024-09-03,1010,BK-017,-28500.00,USD,Debit,FY2024,Q3,9,CC-200,Printing Costs - Winter's Promise (50K run)
TXN-0144,2024-09-05,1002,BK-017,25000.00,USD,Credit,FY2024,Q3,9,CC-100,E-Book Sales - Winter's Promise Sep W1
TXN-0145,2024-09-05,1003,BK-017,12000.00,USD,Credit,FY2024,Q3,9,CC-100,Audiobook Sales - Winter's Promise Sep W1
TXN-0146,2024-09-08,1021,BK-017,-19800.00,USD,Debit,FY2024,Q3,9,CC-300,Author Royalties 15% - Winter's Promise
TXN-0147,2024-09-10,1004,BK-017,8500.00,USD,Credit,FY2024,Q3,9,CC-100,International Sales - Winter's Promise Multi
TXN-0148,2024-09-12,1012,-,-85000.00,USD,Debit,FY2024,Q3,9,CC-400,Marketing Spend Sep - Winter's Promise launch
TXN-0149,2024-09-15,1001,BK-035,6800.00,USD,Credit,FY2024,Q3,9,CC-100,Book Sales - Shadow Detective Tokyo Sep
TXN-0150,2024-09-15,1010,BK-035,-2040.00,USD,Debit,FY2024,Q3,9,CC-200,Printing Costs - Shadow Detective Tokyo
TXN-0151,2024-09-18,1004,BK-035,1200.00,USD,Credit,FY2024,Q3,9,CC-100,International Sales - Shadow Detective JPY
TXN-0152,2024-09-20,1001,BK-018,5400.00,USD,Credit,FY2024,Q3,9,CC-100,Book Sales - Herbalist's Guide Sep W3
TXN-0153,2024-09-20,1010,BK-018,-1620.00,USD,Debit,FY2024,Q3,9,CC-200,Printing Costs - Herbalist's Guide
TXN-0154,2024-09-22,1002,BK-018,2200.00,USD,Credit,FY2024,Q3,9,CC-100,E-Book Sales - Herbalist's Guide Sep
TXN-0155,2024-09-25,1001,BK-017,48000.00,USD,Credit,FY2024,Q3,9,CC-100,Book Sales - Winter's Promise Sep W4 (reorder)
TXN-0156,2024-09-25,1002,BK-017,18000.00,USD,Credit,FY2024,Q3,9,CC-100,E-Book Sales - Winter's Promise Sep W4
TXN-0157,2024-09-28,1004,BK-017,6500.00,USD,Credit,FY2024,Q3,9,CC-100,International Sales - Winter's Promise Sep UK/DE
TXN-0158,2024-09-30,1011,-,-31000.00,USD,Debit,FY2024,Q3,9,CC-300,Editorial Salaries September
TXN-0159,2024-09-30,1013,-,-22000.00,USD,Debit,FY2024,Q3,9,CC-500,Warehouse OpEx September (peak)
TXN-0160,2024-09-30,1014,-,-17000.00,USD,Debit,FY2024,Q3,9,CC-600,HR & Admin September
TXN-0161,2024-09-30,1015,-,-15000.00,USD,Debit,FY2024,Q3,9,CC-700,IT Infrastructure September
TXN-0162,2024-10-05,1001,BK-039,16200.00,USD,Credit,FY2024,Q4,10,CC-100,Book Sales - AI Ethics Handbook Oct W1
TXN-0163,2024-10-05,1010,BK-039,-4860.00,USD,Debit,FY2024,Q4,10,CC-200,Printing Costs - AI Ethics Handbook
TXN-0164,2024-10-08,1002,BK-039,6200.00,USD,Credit,FY2024,Q4,10,CC-100,E-Book Sales - AI Ethics Handbook Oct
TXN-0165,2024-10-10,1001,BK-019,7600.00,USD,Credit,FY2024,Q4,10,CC-100,Book Sales - New Year New You Oct W2
TXN-0166,2024-10-10,1010,BK-019,-2280.00,USD,Debit,FY2024,Q4,10,CC-200,Printing Costs - New Year New You
TXN-0167,2024-10-12,1002,BK-019,3800.00,USD,Credit,FY2024,Q4,10,CC-100,E-Book Sales - New Year New You Oct
TXN-0168,2024-10-15,1001,BK-040,55000.00,USD,Credit,FY2024,Q4,10,CC-100,Book Sales - Phoenix Protocol Endgame Oct
TXN-0169,2024-10-15,1010,BK-040,-16500.00,USD,Debit,FY2024,Q4,10,CC-200,Printing Costs - Phoenix Protocol Endgame
TXN-0170,2024-10-18,1002,BK-040,14000.00,USD,Credit,FY2024,Q4,10,CC-100,E-Book Sales - Phoenix Protocol Endgame Oct
TXN-0171,2024-10-18,1003,BK-040,7500.00,USD,Credit,FY2024,Q4,10,CC-100,Audiobook Sales - Phoenix Protocol Endgame
TXN-0172,2024-10-20,1021,BK-040,-10710.00,USD,Debit,FY2024,Q4,10,CC-300,Author Royalties 14% - Phoenix Endgame
TXN-0173,2024-10-22,1004,BK-040,3500.00,USD,Credit,FY2024,Q4,10,CC-100,International Sales - Phoenix Endgame UK
TXN-0174,2024-10-25,1001,BK-017,32000.00,USD,Credit,FY2024,Q4,10,CC-100,Book Sales - Winter's Promise Oct (continued)
TXN-0175,2024-10-25,1002,BK-017,12000.00,USD,Credit,FY2024,Q4,10,CC-100,E-Book Sales - Winter's Promise Oct
TXN-0176,2024-10-28,1004,BK-017,5200.00,USD,Credit,FY2024,Q4,10,CC-100,International Sales - Winter's Promise Oct Multi
TXN-0177,2024-10-31,1011,-,-31000.00,USD,Debit,FY2024,Q4,10,CC-300,Editorial Salaries October
TXN-0178,2024-10-31,1012,-,-62000.00,USD,Debit,FY2024,Q4,10,CC-400,Marketing Spend October (Q4 push)
TXN-0179,2024-10-31,1013,-,-22000.00,USD,Debit,FY2024,Q4,10,CC-500,Warehouse OpEx October
TXN-0180,2024-10-31,1014,-,-17500.00,USD,Debit,FY2024,Q4,10,CC-600,HR & Admin October
TXN-0181,2024-10-31,1015,-,-15000.00,USD,Debit,FY2024,Q4,10,CC-700,IT Infrastructure October
TXN-0182,2024-11-05,1001,BK-020,11200.00,USD,Credit,FY2024,Q4,11,CC-100,Book Sales - Joy of Reading Nov W1
TXN-0183,2024-11-05,1010,BK-020,-3360.00,USD,Debit,FY2024,Q4,11,CC-200,Printing Costs - Joy of Reading
TXN-0184,2024-11-08,1002,BK-020,4500.00,USD,Credit,FY2024,Q4,11,CC-100,E-Book Sales - Joy of Reading Nov
TXN-0185,2024-11-10,1001,BK-041,12500.00,USD,Credit,FY2024,Q4,11,CC-100,Book Sales - Sacred Grove Nov W2
TXN-0186,2024-11-10,1010,BK-041,-3750.00,USD,Debit,FY2024,Q4,11,CC-200,Printing Costs - Sacred Grove
TXN-0187,2024-11-12,1002,BK-041,4200.00,USD,Credit,FY2024,Q4,11,CC-100,E-Book Sales - Sacred Grove Nov
TXN-0188,2024-11-15,1001,BK-042,8800.00,USD,Credit,FY2024,Q4,11,CC-100,Book Sales - WW2 at Sea Nov
TXN-0189,2024-11-15,1010,BK-042,-2640.00,USD,Debit,FY2024,Q4,11,CC-200,Printing Costs - WW2 at Sea
TXN-0190,2024-11-18,1004,BK-042,1800.00,USD,Credit,FY2024,Q4,11,CC-100,International Sales - WW2 at Sea EUR
TXN-0191,2024-11-20,1001,BK-017,42000.00,USD,Credit,FY2024,Q4,11,CC-100,Book Sales - Winter's Promise Nov (holiday)
TXN-0192,2024-11-20,1002,BK-017,15000.00,USD,Credit,FY2024,Q4,11,CC-100,E-Book Sales - Winter's Promise Nov
TXN-0193,2024-11-22,1003,BK-017,8000.00,USD,Credit,FY2024,Q4,11,CC-100,Audiobook Sales - Winter's Promise Nov
TXN-0194,2024-11-25,1004,BK-017,6800.00,USD,Credit,FY2024,Q4,11,CC-100,Intl Sales - Winter's Promise Nov Multi
TXN-0195,2024-11-25,1001,BK-043,9200.00,USD,Credit,FY2024,Q4,11,CC-100,Book Sales - Midnight in Mumbai Nov
TXN-0196,2024-11-25,1010,BK-043,-2760.00,USD,Debit,FY2024,Q4,11,CC-200,Printing Costs - Midnight in Mumbai
TXN-0197,2024-11-28,1004,BK-043,1400.00,USD,Credit,FY2024,Q4,11,CC-100,International Sales - Midnight in Mumbai INR
TXN-0198,2024-11-30,1011,-,-31500.00,USD,Debit,FY2024,Q4,11,CC-300,Editorial Salaries November
TXN-0199,2024-11-30,1012,-,-72000.00,USD,Debit,FY2024,Q4,11,CC-400,Marketing Spend November (holiday campaign)
TXN-0200,2024-11-30,1013,-,-23000.00,USD,Debit,FY2024,Q4,11,CC-500,Warehouse OpEx November (peak shipping)
TXN-0201,2024-11-30,1014,-,-18000.00,USD,Debit,FY2024,Q4,11,CC-600,HR & Admin November
TXN-0202,2024-11-30,1015,-,-15500.00,USD,Debit,FY2024,Q4,11,CC-700,IT Infrastructure November
TXN-0203,2024-12-05,1001,BK-017,58000.00,USD,Credit,FY2024,Q4,12,CC-100,Book Sales - Winter's Promise Dec (holiday peak)
TXN-0204,2024-12-05,1002,BK-017,22000.00,USD,Credit,FY2024,Q4,12,CC-100,E-Book Sales - Winter's Promise Dec
TXN-0205,2024-12-05,1003,BK-017,10000.00,USD,Credit,FY2024,Q4,12,CC-100,Audiobook Sales - Winter's Promise Dec
TXN-0206,2024-12-08,1004,BK-017,8500.00,USD,Credit,FY2024,Q4,12,CC-100,Intl Sales - Winter's Promise Dec Multi
TXN-0207,2024-12-10,1001,BK-040,28000.00,USD,Credit,FY2024,Q4,12,CC-100,Book Sales - Phoenix Endgame Dec (gift)
TXN-0208,2024-12-10,1002,BK-040,8500.00,USD,Credit,FY2024,Q4,12,CC-100,E-Book Sales - Phoenix Endgame Dec
TXN-0209,2024-12-12,1001,BK-045,6500.00,USD,Credit,FY2024,Q4,12,CC-100,Book Sales - Echoes of Sahel Dec
TXN-0210,2024-12-12,1010,BK-045,-1950.00,USD,Debit,FY2024,Q4,12,CC-200,Printing Costs - Echoes of Sahel
TXN-0211,2024-12-15,1004,BK-040,2400.00,USD,Credit,FY2024,Q4,12,CC-100,International Sales - Phoenix Endgame KRW
TXN-0212,2024-12-18,1004,BK-045,900.00,USD,Credit,FY2024,Q4,12,CC-100,International Sales - Echoes of Sahel ZAR
TXN-0213,2024-12-20,1001,BK-017,35000.00,USD,Credit,FY2024,Q4,12,CC-100,Book Sales - Winter's Promise Dec W3
TXN-0214,2024-12-20,1002,BK-017,13000.00,USD,Credit,FY2024,Q4,12,CC-100,E-Book Sales - Winter's Promise Dec gift
TXN-0215,2024-12-22,1004,BK-017,4200.00,USD,Credit,FY2024,Q4,12,CC-100,International Sales - Winter's Promise Dec W3
TXN-0216,2024-12-28,1010,BK-017,-18000.00,USD,Debit,FY2024,Q4,12,CC-200,Printing Costs - Winter's Promise reprint Dec
TXN-0217,2024-12-31,1011,-,-32000.00,USD,Debit,FY2024,Q4,12,CC-300,Editorial Salaries December
TXN-0218,2024-12-31,1012,-,-78000.00,USD,Debit,FY2024,Q4,12,CC-400,Marketing Spend December (holiday peak)
TXN-0219,2024-12-31,1013,-,-25000.00,USD,Debit,FY2024,Q4,12,CC-500,Warehouse OpEx December (peak)
TXN-0220,2024-12-31,1014,-,-18500.00,USD,Debit,FY2024,Q4,12,CC-600,HR & Admin December
TXN-0221,2024-12-31,1015,-,-16000.00,USD,Debit,FY2024,Q4,12,CC-700,IT Infrastructure December
TXN-0222,2024-12-31,1016,-,-45000.00,USD,Debit,FY2024,Q4,12,CC-200,Year-End Author Advance Payments
TXN-0223,2024-12-31,1017,-,125000.00,USD,Credit,FY2024,Q4,12,CC-100,Subsidiary Rights & Licensing Revenue FY2024
TXN-0224,2024-12-31,1018,-,35000.00,USD,Credit,FY2024,Q4,12,CC-100,Foreign Translation Rights Revenue FY2024
TXN-0225,2024-12-31,1019,-,-8500.00,USD,Debit,FY2024,Q4,12,CC-700,Software Licensing & SaaS FY2024 True-up
